stock_id,industry_id,sector_id,stock_symbol,stock_name,stock_price,market_cap,last_updated
22167,10161,75831,MMM,3M Company,152.94,82309398528,2025-07-05 14:58:26
51059,70273,75831,AOS,A.O. Smith Corporation,67.92,9652042752,2025-07-05 14:58:27
84633,49581,70676,ABT,Abbott Laboratories,134.44,233904095232,2025-07-05 14:58:28
74803,25612,70676,ABBV,AbbVie Inc.,189.28,334344192000,2025-07-05 14:58:30
60091,86310,32325,ACN,Accenture plc,304.78,189833134080,2025-07-05 14:58:31
32385,52394,32325,ADBE,Adobe Inc.,379.31,160903299072,2025-07-05 14:58:32
12977,80347,32325,AMD,"Advanced Micro Devices, Inc.",137.91,223607291904,2025-07-05 14:58:33
28194,61652,21722,AES,The AES Corporation,11.52,8201353216,2025-07-05 14:58:34
97215,19193,78746,AFL,AFLAC Incorporated,104.57,56535244800,2025-07-05 14:58:36
21573,89491,70676,A,"Agilent Technologies, Inc.",121.38,34479808512,2025-07-05 14:58:37
23074,66253,48302,APD,"Air Products and Chemicals, Inc",291.84,64947240960,2025-07-05 14:58:38
59161,59546,14637,ABNB,"Airbnb, Inc.",136.49,84243406848,2025-07-05 14:58:39
62165,58521,32325,AKAM,"Akamai Technologies, Inc.",79.48,11312865280,2025-07-05 14:58:41
60312,66253,48302,ALB,Albemarle Corporation,67.21,7907995648,2025-07-05 14:58:42
64908,68032,53396,ARE,Alexandria Real Estate Equities,76.92,13306312704,2025-07-05 14:58:43
84056,31140,70676,ALGN,"Align Technology, Inc.",196.82,14266459136,2025-07-05 14:58:44
69912,89010,75831,ALLE,Allegion plc,148.11,12744761344,2025-07-05 14:58:46
72633,98588,21722,LNT,Alliant Energy Corporation,61.53,15805580288,2025-07-05 14:58:47
68803,41990,78746,ALL,Allstate Corporation (The),198.0,52433965056,2025-07-05 14:58:48
77556,16160,33817,GOOGL,Alphabet Inc.,179.53,2184126005248,2025-07-05 14:58:49
24962,16160,33817,GOOG,Alphabet Inc.,180.55,2184113422336,2025-07-05 14:58:50
77371,43694,61028,MO,"Altria Group, Inc.",59.65,100477444096,2025-07-05 14:58:52
94261,88470,14637,AMZN,"Amazon.com, Inc.",223.41,2371809968128,2025-07-05 14:58:53
94880,98105,14637,AMCR,Amcor plc,9.63,22065604608,2025-07-05 14:58:54
67061,98588,21722,AEE,Ameren Corporation,96.02,26032173056,2025-07-05 14:58:55
57163,98588,21722,AEP,American Electric Power Company,103.86,55481495552,2025-07-05 14:58:57
15950,36583,78746,AXP,American Express Company,328.13,229884264448,2025-07-05 14:58:58
37654,26270,78746,AIG,"American International Group, I",83.18,47939129344,2025-07-05 14:58:59
72052,62846,53396,AMT,American Tower Corporation (REI,221.75,103809597440,2025-07-05 14:59:00
87840,63835,21722,AWK,"American Water Works Company, I",140.05,27311431680,2025-07-05 14:59:02
98000,24671,78746,AMP,"Ameriprise Financial, Inc.",543.3,51734495232,2025-07-05 14:59:03
29159,70273,75831,AME,"AMETEK, Inc.",184.19,42525605888,2025-07-05 14:59:04
16798,25612,70676,AMGN,Amgen Inc.,298.24,160365428736,2025-07-05 14:59:05
94482,77970,32325,APH,Amphenol Corporation,99.46,120306810880,2025-07-05 14:59:06
42344,80347,32325,ADI,"Analog Devices, Inc.",245.68,121918201856,2025-07-05 14:59:08
12345,52394,32325,ANSS,"ANSYS, Inc.",367.48,32307408896,2025-07-05 14:59:09
84971,91752,78746,AON,Aon plc,354.76,76606873600,2025-07-05 14:59:10
16892,91937,11172,APA,APA Corporation,19.53,7047303168,2025-07-05 14:59:11
61208,24671,78746,APO,"Apollo Global Management, Inc. ",144.47,82563743744,2025-07-05 14:59:13
33233,92605,32325,AAPL,Apple Inc.,213.55,3189540126720,2025-07-05 14:59:14
89021,44305,32325,AMAT,"Applied Materials, Inc.",191.05,153317244928,2025-07-05 14:59:15
25226,98872,14637,APTV,Aptiv PLC,72.56,15798488064,2025-07-05 14:59:16
75467,26270,78746,ACGL,Arch Capital Group Ltd.,89.19,33424400384,2025-07-05 14:59:18
48157,77870,61028,ADM,Archer-Daniels-Midland Company,55.31,26573688832,2025-07-05 14:59:19
23009,49593,32325,ANET,"Arista Networks, Inc.",102.52,128756916224,2025-07-05 14:59:20
74759,91752,78746,AJG,Arthur J. Gallagher & Co.,318.1,81450459136,2025-07-05 14:59:21
74480,41990,78746,AIZ,"Assurant, Inc.",193.47,9809374208,2025-07-05 14:59:23
67507,58828,33817,T,AT&T Inc.,28.36,204212994048,2025-07-05 14:59:24
71147,19750,21722,ATO,Atmos Energy Corporation,152.28,24187697152,2025-07-05 14:59:25
22960,52394,32325,ADSK,"Autodesk, Inc.",316.66,67747823616,2025-07-05 14:59:26
11472,52394,32325,ADP,"Automatic Data Processing, Inc.",309.2,125511401472,2025-07-05 14:59:28
18486,98872,14637,AZO,"AutoZone, Inc.",3769.26,63054819328,2025-07-05 14:59:29
83933,54859,53396,AVB,"AvalonBay Communities, Inc.",202.57,28839487488,2025-07-05 14:59:30
66003,98105,14637,AVY,Avery Dennison Corporation,183.24,14324897792,2025-07-05 14:59:31
11900,74626,75831,AXON,"Axon Enterprise, Inc.",795.48,61928751104,2025-07-05 14:59:32
54388,69887,11172,BKR,Baker Hughes Company,39.64,39273328640,2025-07-05 14:59:34
85306,98105,14637,BALL,Ball Corporation,58.73,16292758528,2025-07-05 14:59:35
65456,39541,78746,BAC,Bank of America Corporation,48.93,368534880256,2025-07-05 14:59:36
15341,31140,70676,BAX,Baxter International Inc.,31.01,15913556992,2025-07-05 14:59:37
61177,31140,70676,BDX,"Becton, Dickinson and Company",176.16,50488692736,2025-07-05 14:59:39
70070,26270,78746,BRK-B,Berkshire Hathaway Inc. New,485.0,1046280798208,2025-07-05 14:59:40
38825,58964,14637,BBY,"Best Buy Co., Inc.",72.1,15238119424,2025-07-05 14:59:41
94689,30592,70676,TECH,Bio-Techne Corp,53.14,8330598912,2025-07-05 14:59:42
10683,25612,70676,BIIB,Biogen Inc.,132.87,19469174784,2025-07-05 14:59:43
26432,24671,78746,BLK,"BlackRock, Inc.",1082.15,167653179392,2025-07-05 14:59:45
80578,24671,78746,BX,Blackstone Inc.,155.13,188208365568,2025-07-05 14:59:46
49872,39541,78746,BK,The Bank of New York Mellon Cor,92.43,66127564800,2025-07-05 14:59:47
88509,74626,75831,BA,Boeing Company (The),215.92,162804973568,2025-07-05 14:59:48
98306,59546,14637,BKNG,Booking Holdings Inc. Common St,5716.8,186026377216,2025-07-05 14:59:50
69891,49581,70676,BSX,Boston Scientific Corporation,104.32,154336215040,2025-07-05 14:59:51
53221,25612,70676,BMY,Bristol-Myers Squibb Company,46.92,95485943808,2025-07-05 14:59:52
40827,80347,32325,AVGO,Broadcom Inc.,275.18,1294300872704,2025-07-05 14:59:53
84593,86310,32325,BR,"Broadridge Financial Solutions,",242.13,28441317376,2025-07-05 14:59:54
40641,91752,78746,BRO,"Brown & Brown, Inc.",108.7,35851104256,2025-07-05 14:59:56
26554,77302,61028,BF-B,Brown Forman Inc,28.27,13474669568,2025-07-05 14:59:57
62874,94629,75831,BLDR,"Builders FirstSource, Inc.",127.22,14059718656,2025-07-05 14:59:58
35697,77870,61028,BG,Bunge Limited,78.44,15689333760,2025-07-05 14:59:59
89767,68032,53396,BXP,"BXP, Inc.",68.83,12165221376,2025-07-05 15:00:01
21092,77047,75831,CHRW,"C.H. Robinson Worldwide, Inc.",98.03,11639199744,2025-07-05 15:00:02
53676,52394,32325,CDNS,"Cadence Design Systems, Inc.",326.81,89232850944,2025-07-05 15:00:03
96290,16203,14637,CZR,"Caesars Entertainment, Inc.",29.71,6178728960,2025-07-05 15:00:04
91605,54859,53396,CPT,Camden Property Trust,114.01,12180600832,2025-07-05 15:00:06
84395,57178,61028,CPB,The Campbell's Company,31.25,9316561920,2025-07-05 15:00:07
77867,36583,78746,COF,Capital One Financial Corporati,220.91,141301776384,2025-07-05 15:00:08
92067,84124,70676,CAH,"Cardinal Health, Inc.",164.93,39364993024,2025-07-05 15:00:09
37152,46583,14637,KMX,CarMax Inc,70.61,10596584448,2025-07-05 15:00:10
81719,59546,14637,CCL,Carnival Corporation,29.96,40622161920,2025-07-05 15:00:12
79292,94629,75831,CARR,Carrier Global Corporation,75.65,64855502848,2025-07-05 15:00:13
96411,21219,75831,CAT,"Caterpillar, Inc.",397.86,187119517696,2025-07-05 15:00:14
47258,85532,78746,CBOE,"Cboe Global Markets, Inc.",231.37,24227446784,2025-07-05 15:00:15
90226,12087,53396,CBRE,CBRE Group Inc,143.18,42682671104,2025-07-05 15:00:17
24918,86310,32325,CDW,CDW Corporation,182.13,23983790080,2025-07-05 15:00:18
40007,84124,70676,COR,"Cencora, Inc.",296.23,57416192000,2025-07-05 15:00:19
84283,37296,70676,CNC,Centene Corporation,33.31,16575157248,2025-07-05 15:00:20
70852,98588,21722,CNP,"CenterPoint Energy, Inc (Holdin",35.94,23459043328,2025-07-05 15:00:22
18073,58689,48302,CF,"CF Industries Holdings, Inc.",94.65,15334246400,2025-07-05 15:00:23
11476,89491,70676,CRL,Charles River Laboratories Inte,157.12,7717058560,2025-07-05 15:00:24
21022,32631,78746,SCHW,Charles Schwab Corporation (The,91.48,166216417280,2025-07-05 15:00:25
47207,58828,33817,CHTR,"Charter Communications, Inc.",416.97,56969777152,2025-07-05 15:00:27
48636,34127,11172,CVX,Chevron Corporation,148.37,257010958336,2025-07-05 15:00:28
11235,12652,14637,CMG,"Chipotle Mexican Grill, Inc.",57.07,76893831168,2025-07-05 15:00:29
60719,41990,78746,CB,Chubb Limited,283.8,113732280320,2025-07-05 15:00:30
67981,31715,61028,CHD,"Church & Dwight Company, Inc.",98.41,24236120064,2025-07-05 15:00:32
35627,37296,70676,CI,The Cigna Group,319.75,85418975232,2025-07-05 15:00:33
87251,41990,78746,CINF,Cincinnati Financial Corporatio,148.59,23225210880,2025-07-05 15:00:34
95312,62147,75831,CTAS,Cintas Corporation,219.36,88574722048,2025-07-05 15:00:35
58628,69365,32325,CSCO,"Cisco Systems, Inc.",69.37,274705203200,2025-07-05 15:00:39
35248,39541,78746,C,"Citigroup, Inc.",88.72,165705007104,2025-07-05 15:00:40
31229,28353,78746,CFG,"Citizens Financial Group, Inc.",47.72,20693731328,2025-07-05 15:00:42
17950,31715,61028,CLX,Clorox Company (The),124.84,15386904576,2025-07-05 15:00:43
95544,85532,78746,CME,CME Group Inc.,276.7,99711344640,2025-07-05 15:00:44
74289,98588,21722,CMS,CMS Energy Corporation,70.47,21079269376,2025-07-05 15:00:45
38029,86078,61028,KO,Coca-Cola Company (The),71.35,307109658624,2025-07-05 15:00:46
78055,86310,32325,CTSH,Cognizant Technology Solutions ,80.98,39918444544,2025-07-05 15:00:48
52016,85532,78746,COIN,"Coinbase Global, Inc.",355.8,90624032768,2025-07-05 15:00:49
68041,31715,61028,CL,Colgate-Palmolive Company,92.78,75190763520,2025-07-05 15:00:50
87816,58828,33817,CMCSA,Comcast Corporation,35.99,134375874560,2025-07-05 15:00:51
43314,57178,61028,CAG,"ConAgra Brands, Inc.",20.99,10019827712,2025-07-05 15:00:53
10389,91937,11172,COP,ConocoPhillips,93.68,118262571008,2025-07-05 15:00:54
81714,98588,21722,ED,"Consolidated Edison, Inc.",100.31,36141289472,2025-07-05 15:00:55
62116,86948,61028,STZ,"Constellation Brands, Inc.",172.32,30383634432,2025-07-05 15:00:57
27256,32882,21722,CEG,Constellation Energy Corporatio,311.88,97748492288,2025-07-05 15:00:58
14759,31140,70676,COO,"The Cooper Companies, Inc.",73.3,14624303104,2025-07-05 15:00:59
19046,62147,75831,CPRT,"Copart, Inc.",49.32,47689281536,2025-07-05 15:01:00
67860,77970,32325,GLW,Corning Incorporated,53.04,45427220480,2025-07-05 15:01:01
24778,58521,32325,CPAY,"Corpay, Inc.",339.1,23904313344,2025-07-05 15:01:03
95350,58689,48302,CTVA,"Corteva, Inc.",77.12,52608950272,2025-07-05 15:01:04
47901,12087,53396,CSGP,"CoStar Group, Inc.",82.12,34645360640,2025-07-05 15:01:05
94713,40411,61028,COST,Costco Wholesale Corporation,987.02,437720678400,2025-07-05 15:01:06
80687,91937,11172,CTRA,Coterra Energy Inc.,25.22,19249440768,2025-07-05 15:01:08
11430,58521,32325,CRWD,"CrowdStrike Holdings, Inc.",514.1,128138387456,2025-07-05 15:01:09
10604,62846,53396,CCI,Crown Castle Inc.,102.92,44817440768,2025-07-05 15:01:10
80721,93008,75831,CSX,CSX Corporation,33.6,63119278080,2025-07-05 15:01:11
39590,70273,75831,CMI,Cummins Inc.,331.83,45711241216,2025-07-05 15:01:13
49110,37296,70676,CVS,CVS Health Corporation,67.43,85300297728,2025-07-05 15:01:14
27330,89491,70676,DHR,Danaher Corporation,203.2,145424138240,2025-07-05 15:01:15
29436,12652,14637,DRI,"Darden Restaurants, Inc.",220.27,25777317888,2025-07-05 15:01:16
59762,22053,70676,DVA,DaVita Inc.,142.56,10774256640,2025-07-05 15:01:17
98780,52394,32325,DAY,"Dayforce, Inc.",57.27,9156384768,2025-07-05 15:01:19
44245,94952,14637,DECK,Deckers Outdoor Corporation,106.2,15870102528,2025-07-05 15:01:20
81138,21219,75831,DE,Deere & Company,520.97,141092732928,2025-07-05 15:01:21
53238,49593,32325,DELL,Dell Technologies Inc.,125.22,85005475840,2025-07-05 15:01:22
70489,77509,75831,DAL,"Delta Air Lines, Inc.",50.86,33209190400,2025-07-05 15:01:24
38159,91937,11172,DVN,Devon Energy Corporation,33.23,21336981504,2025-07-05 15:01:25
43976,49581,70676,DXCM,"DexCom, Inc.",82.93,32517433344,2025-07-05 15:01:26
91963,91937,11172,FANG,"Diamondback Energy, Inc.",140.9,41166471168,2025-07-05 15:01:28
80178,62846,53396,DLR,"Digital Realty Trust, Inc.",172.6,59226136576,2025-07-05 15:01:29
64098,40411,61028,DG,Dollar General Corporation,114.11,25112303616,2025-07-05 15:01:30
22780,40411,61028,DLTR,"Dollar Tree, Inc.",101.91,21268209664,2025-07-05 15:01:31
13081,98588,21722,D,"Dominion Energy, Inc.",56.86,48489697280,2025-07-05 15:01:33
16783,12652,14637,DPZ,Domino's Pizza Inc,452.18,15483321344,2025-07-05 15:01:34
40091,88470,14637,DASH,"DoorDash, Inc.",238.79,101185830912,2025-07-05 15:01:35
11875,70273,75831,DOV,Dover Corporation,188.63,25861928960,2025-07-05 15:01:36
36816,28792,48302,DOW,Dow Inc.,28.46,20117293056,2025-07-05 15:01:38
95760,31136,14637,DHI,"D.R. Horton, Inc.",131.9,40517169152,2025-07-05 15:01:39
96625,98588,21722,DTE,DTE Energy Company,131.94,27379660800,2025-07-05 15:01:40
36006,98588,21722,DUK,Duke Energy Corporation (Holdin,117.31,91180015616,2025-07-05 15:01:41
34667,66253,48302,DD,"DuPont de Nemours, Inc.",73.72,30851747840,2025-07-05 15:01:43
33436,66253,48302,EMN,Eastman Chemical Company,79.57,9187151872,2025-07-05 15:01:44
29474,70273,75831,ETN,"Eaton Corporation, PLC",362.22,141736689664,2025-07-05 15:01:45
40543,88470,14637,EBAY,eBay Inc.,76.36,35190046720,2025-07-05 15:01:46
60706,66253,48302,ECL,Ecolab Inc.,274.09,77708075008,2025-07-05 15:01:47
52012,98588,21722,EIX,Edison International,52.55,20219346944,2025-07-05 15:01:49
48417,49581,70676,EW,Edwards Lifesciences Corporatio,76.79,45045014528,2025-07-05 15:01:50
39506,73268,33817,EA,Electronic Arts Inc.,155.37,39040131072,2025-07-05 15:01:51
28976,37296,70676,ELV,"Elevance Health, Inc.",347.84,78589231104,2025-07-05 15:01:52
44984,70273,75831,EMR,Emerson Electric Company,139.76,78614994944,2025-07-05 15:01:54
56951,94613,32325,ENPH,"Enphase Energy, Inc.",42.57,5585481728,2025-07-05 15:01:55
23354,98588,21722,ETR,Entergy Corporation,81.92,36563763200,2025-07-05 15:01:56
40811,91937,11172,EOG,"EOG Resources, Inc.",123.15,67213672448,2025-07-05 15:01:57
16655,86310,32325,EPAM,"EPAM Systems, Inc.",182.83,10357813248,2025-07-05 15:01:59
80756,91937,11172,EQT,EQT Corporation,55.31,33110003712,2025-07-05 15:02:00
63097,33894,75831,EFX,"Equifax, Inc.",261.81,32516540416,2025-07-05 15:02:01
75737,62846,53396,EQIX,"Equinix, Inc.",787.0,76983549952,2025-07-05 15:02:02
49274,54859,53396,EQR,Equity Residential,66.88,26190741504,2025-07-05 15:02:04
32290,91752,78746,ERIE,Erie Indemnity Company,346.94,18141458432,2025-07-05 15:02:05
47153,54859,53396,ESS,"Essex Property Trust, Inc.",284.2,19623897088,2025-07-05 15:02:06
26184,31715,61028,EL,"Estee Lauder Companies, Inc. (T",88.72,31917197312,2025-07-05 15:02:07
70026,35173,78746,EG,"Everest Group, Ltd.",337.48,14354611200,2025-07-05 15:02:08
40129,98588,21722,EVRG,"Evergy, Inc.",70.18,16147786752,2025-07-05 15:02:10
12766,98588,21722,ES,Eversource Energy (D/B/A),64.55,23714703360,2025-07-05 15:02:11
96969,98588,21722,EXC,Exelon Corporation,43.13,43541458944,2025-07-05 15:02:12
72351,91937,11172,EXE,Expand Energy Corporation,108.74,25877837824,2025-07-05 15:02:13
63411,59546,14637,EXPE,"Expedia Group, Inc.",176.48,22434314240,2025-07-05 15:02:15
40075,77047,75831,EXPD,Expeditors International of Was,118.38,16211903488,2025-07-05 15:02:16
23290,66208,53396,EXR,Extra Space Storage Inc,152.88,33872857088,2025-07-05 15:02:17
94680,34127,11172,XOM,Exxon Mobil Corporation,112.2,483541614592,2025-07-05 15:02:18
25444,58521,32325,FFIV,"F5, Inc.",300.13,17236946944,2025-07-05 15:02:20
87367,85532,78746,FDS,FactSet Research Systems Inc.,447.94,16935178240,2025-07-05 15:02:21
37115,52394,32325,FICO,Fair Isaac Corporation,1855.38,45163102208,2025-07-05 15:02:22
16020,26582,75831,FAST,Fastenal Company,43.13,49480458240,2025-07-05 15:02:23
23636,79355,53396,FRT,Federal Realty Investment Trust,95.8,8321945600,2025-07-05 15:02:25
15840,77047,75831,FDX,FedEx Corporation,241.23,57798467584,2025-07-05 15:02:26
64690,86310,32325,FIS,Fidelity National Information S,81.77,42961547264,2025-07-05 15:02:27
38210,28353,78746,FITB,Fifth Third Bancorp,43.4,28969152512,2025-07-05 15:02:28
35722,94613,32325,FSLR,"First Solar, Inc.",185.03,19843356672,2025-07-05 15:02:30
43063,98588,21722,FE,FirstEnergy Corp.,39.88,23016980480,2025-07-05 15:02:31
23718,86310,32325,FI,"Fiserv, Inc.",175.55,97330888704,2025-07-05 15:02:32
86706,36293,14637,F,Ford Motor Company,11.81,46963056640,2025-07-05 15:02:33
47945,58521,32325,FTNT,"Fortinet, Inc.",105.66,80873857024,2025-07-05 15:02:35
96545,36559,32325,FTV,Fortive Corporation,53.05,18030739456,2025-07-05 15:02:36
16827,61295,33817,FOXA,Fox Corporation,56.25,24235593728,2025-07-05 15:02:37
68977,61295,33817,FOX,Fox Corporation,51.77,24235608064,2025-07-05 15:02:38
50862,24671,78746,BEN,"Franklin Resources, Inc.",24.88,13074961408,2025-07-05 15:02:40
66890,28208,48302,FCX,"Freeport-McMoRan, Inc.",45.8,65777954816,2025-07-05 15:02:41
48667,36559,32325,GRMN,Garmin Ltd.,214.77,41352028160,2025-07-05 15:02:42
98355,86310,32325,IT,"Gartner, Inc.",400.28,30808309760,2025-07-05 15:02:43
18785,74626,75831,GE,GE Aerospace,246.88,263270367232,2025-07-05 15:02:45
99799,80437,70676,GEHC,GE HealthCare Technologies Inc.,76.07,34831310848,2025-07-05 15:02:46
24313,70273,75831,GEV,GE Vernova Inc.,517.04,141118308352,2025-07-05 15:02:47
82321,58521,32325,GEN,Gen Digital Inc.,30.49,18910812160,2025-07-05 15:02:48
85714,70273,75831,GNRC,Generac Holdlings Inc.,152.37,9002263552,2025-07-05 15:02:49
84862,74626,75831,GD,General Dynamics Corporation,294.76,79112404992,2025-07-05 15:02:51
18529,57178,61028,GIS,"General Mills, Inc.",53.15,28830050304,2025-07-05 15:02:52
92734,36293,14637,GM,General Motors Company,52.89,50850295808,2025-07-05 15:02:53
92959,98872,14637,GPC,Genuine Parts Company,127.41,17683234816,2025-07-05 15:02:54
71301,25612,70676,GILD,"Gilead Sciences, Inc.",111.75,139009179648,2025-07-05 15:02:56
45748,62147,75831,GPN,Global Payments Inc.,81.85,19961577472,2025-07-05 15:02:57
80333,19193,78746,GL,Globe Life Inc.,121.2,10004198400,2025-07-05 15:02:58
43524,58521,32325,GDDY,GoDaddy Inc.,177.32,25265973248,2025-07-05 15:02:59
53194,32631,78746,GS,"Goldman Sachs Group, Inc. (The)",723.68,222054694912,2025-07-05 15:03:00
85856,69887,11172,HAL,Halliburton Company,21.52,18501066752,2025-07-05 15:03:02
72010,41990,78746,HIG,"The Hartford Insurance Group, I",124.99,35510034432,2025-07-05 15:03:03
93800,48919,14637,HAS,"Hasbro, Inc.",77.64,10879614976,2025-07-05 15:03:04
74639,22053,70676,HCA,"HCA Healthcare, Inc.",376.58,90595352576,2025-07-05 15:03:05
49134,45966,53396,DOC,"Healthpeak Properties, Inc.",18.22,12658017280,2025-07-05 15:03:07
84780,84124,70676,HSIC,"Henry Schein, Inc.",74.67,9334123520,2025-07-05 15:03:08
35898,13904,61028,HSY,The Hershey Company,176.47,35753529344,2025-07-05 15:03:09
20331,91937,11172,HES,Hess Corporation,144.03,44544303104,2025-07-05 15:03:10
57487,69365,32325,HPE,Hewlett Packard Enterprise Comp,21.34,28002775040,2025-07-05 15:03:11
13233,67345,14637,HLT,Hilton Worldwide Holdings Inc.,273.42,64991936512,2025-07-05 15:03:13
63982,31140,70676,HOLX,"Hologic, Inc.",64.78,14435898368,2025-07-05 15:03:14
48465,66703,14637,HD,"Home Depot, Inc. (The)",371.68,369794842624,2025-07-05 15:03:15
22205,10161,75831,HON,Honeywell International Inc.,240.4,154638991360,2025-07-05 15:03:16
37485,57178,61028,HRL,Hormel Foods Corporation,30.47,16755299328,2025-07-05 15:03:18
89871,86835,53396,HST,"Host Hotels & Resorts, Inc.",16.21,11397444608,2025-07-05 15:03:19
33553,74626,75831,HWM,Howmet Aerospace Inc.,181.06,73089212416,2025-07-05 15:03:20
31981,49593,32325,HPQ,HP Inc.,26.0,24421099520,2025-07-05 15:03:21
63257,52246,75831,HUBB,Hubbell Inc,414.84,22141089792,2025-07-05 15:03:23
23028,37296,70676,HUM,Humana Inc.,239.68,28927696896,2025-07-05 15:03:24
73375,28353,78746,HBAN,Huntington Bancshares Incorpora,17.54,25552447488,2025-07-05 15:03:25
92387,74626,75831,HII,"Huntington Ingalls Industries, ",252.08,9891392512,2025-07-05 15:03:26
48194,86310,32325,IBM,International Business Machines,291.97,271356035072,2025-07-05 15:03:28
84899,70273,75831,IEX,IDEX Corporation,181.25,13692459008,2025-07-05 15:03:29
66203,89491,70676,IDXX,"IDEXX Laboratories, Inc.",547.01,43991584768,2025-07-05 15:03:30
69548,70273,75831,ITW,Illinois Tool Works Inc.,258.5,75835113472,2025-07-05 15:03:31
47877,30592,70676,INCY,Incyte Corporation,68.45,13249865728,2025-07-05 15:03:33
94756,70273,75831,IR,Ingersoll Rand Inc.,86.98,35093213184,2025-07-05 15:03:34
51176,49581,70676,PODD,Insulet Corporation,301.05,21186361344,2025-07-05 15:03:35
63696,80347,32325,INTC,Intel Corporation,22.49,98101379072,2025-07-05 15:03:36
28683,85532,78746,ICE,Intercontinental Exchange Inc.,183.11,105036652544,2025-07-05 15:03:38
35776,66253,48302,IFF,International Flavors & Fragran,76.33,19524450304,2025-07-05 15:03:39
51098,98105,14637,IP,International Paper Company,50.43,26622099456,2025-07-05 15:03:40
41252,16304,33817,IPG,"Interpublic Group of Companies,",25.38,9383874560,2025-07-05 15:03:41
53069,52394,32325,INTU,Intuit Inc.,780.64,217757204480,2025-07-05 15:03:42
33895,31140,70676,ISRG,"Intuitive Surgical, Inc.",544.47,195147825152,2025-07-05 15:03:44
31717,24671,78746,IVZ,Invesco Ltd,16.73,7487611904,2025-07-05 15:03:45
14898,54859,53396,INVH,Invitation Homes Inc.,32.62,19994394624,2025-07-05 15:03:46
18488,89491,70676,IQV,"IQVIA Holdings, Inc.",164.24,28413521920,2025-07-05 15:03:47
51956,62846,53396,IRM,Iron Mountain Incorporated (Del,100.68,29705029632,2025-07-05 15:03:49
31266,77047,75831,JBHT,"J.B. Hunt Transport Services, I",152.88,15164870656,2025-07-05 15:03:50
22499,77970,32325,JBL,Jabil Inc.,226.01,24255166464,2025-07-05 15:03:51
71930,86310,32325,JKHY,"Jack Henry & Associates, Inc.",181.32,13202997248,2025-07-05 15:03:52
34678,42734,75831,J,Jacobs Solutions Inc.,132.61,15933887488,2025-07-05 15:03:54
55486,25612,70676,JNJ,Johnson & Johnson,156.01,375370973184,2025-07-05 15:03:55
92528,94629,75831,JCI,Johnson Controls International ,106.71,70220193792,2025-07-05 15:03:56
40244,39541,78746,JPM,JP Morgan Chase & Co.,296.0,822610624512,2025-07-05 15:03:57
59730,69365,32325,JNPR,"Juniper Networks, Inc.",39.95,13358601216,2025-07-05 15:03:58
42633,57178,61028,K,Kellanova,80.0,27755120640,2025-07-05 15:04:00
73497,31715,61028,KVUE,Kenvue Inc.,21.05,40414105600,2025-07-05 15:04:01
87796,86078,61028,KDP,Keurig Dr Pepper Inc.,33.79,45893238784,2025-07-05 15:04:02
19662,28353,78746,KEY,KeyCorp,18.46,20231051264,2025-07-05 15:04:04
53940,36559,32325,KEYS,Keysight Technologies Inc.,167.05,28750807040,2025-07-05 15:04:05
51782,31715,61028,KMB,Kimberly-Clark Corporation,132.12,43839528960,2025-07-05 15:04:06
97100,79355,53396,KIM,Kimco Realty Corporation (HC),21.62,14625844224,2025-07-05 15:04:07
50436,96823,11172,KMI,"Kinder Morgan, Inc.",28.41,63148892160,2025-07-05 15:04:09
23667,24671,78746,KKR,KKR & Co. Inc.,138.6,128234110976,2025-07-05 15:04:10
17049,44305,32325,KLAC,KLA Corporation,924.58,122267385856,2025-07-05 15:04:11
75761,57178,61028,KHC,The Kraft Heinz Company,26.66,31553175552,2025-07-05 15:04:12
22554,64525,61028,KR,Kroger Company (The),69.83,46168522752,2025-07-05 15:04:13
70646,74626,75831,LHX,"L3Harris Technologies, Inc.",255.73,47807700992,2025-07-05 15:04:15
31735,89491,70676,LH,Labcorp Holdings Inc.,261.89,21920194560,2025-07-05 15:04:16
40069,44305,32325,LRCX,Lam Research Corporation,98.81,126389846016,2025-07-05 15:04:17
58810,57178,61028,LW,"Lamb Weston Holdings, Inc.",52.47,7404356608,2025-07-05 15:04:18
76399,16203,14637,LVS,Las Vegas Sands Corp.,48.22,34073602048,2025-07-05 15:04:20
80324,86310,32325,LDOS,"Leidos Holdings, Inc.",164.56,21181999104,2025-07-05 15:04:21
46824,31136,14637,LEN,Lennar Corporation,110.12,28380459008,2025-07-05 15:04:22
48009,94629,75831,LII,"Lennox International, Inc.",604.22,21440624640,2025-07-05 15:04:24
80973,25612,70676,LLY,Eli Lilly and Company,780.67,700835561472,2025-07-05 15:04:25
55634,66253,48302,LIN,Linde plc,475.58,223866912768,2025-07-05 15:04:26
21588,61295,33817,LYV,"Live Nation Entertainment, Inc.",149.27,34596605952,2025-07-05 15:04:28
64853,98872,14637,LKQ,LKQ Corporation,38.68,9985164288,2025-07-05 15:04:29
90278,74626,75831,LMT,Lockheed Martin Corporation,462.52,108366585856,2025-07-05 15:04:30
42890,41990,78746,L,Loews Corporation,92.39,19373905920,2025-07-05 15:04:31
78784,66703,14637,LOW,"Lowe's Companies, Inc.",228.31,127953600512,2025-07-05 15:04:33
98099,45870,14637,LULU,lululemon athletica inc.,247.68,29684695040,2025-07-05 15:04:34
90566,66253,48302,LYB,LyondellBasell Industries NV,62.01,19930013696,2025-07-05 15:04:35
65960,28353,78746,MTB,M&T Bank Corporation,202.58,32517330944,2025-07-05 15:04:36
11032,95815,11172,MPC,Marathon Petroleum Corporation,176.05,54085029888,2025-07-05 15:04:37
81261,32631,78746,MKTX,"MarketAxess Holdings, Inc.",216.73,8127743488,2025-07-05 15:04:39
51343,67345,14637,MAR,Marriott International,280.03,76699099136,2025-07-05 15:04:40
26573,91752,78746,MMC,"Marsh & McLennan Companies, Inc",215.08,105975939072,2025-07-05 15:04:41
71413,15435,48302,MLM,"Martin Marietta Materials, Inc.",557.89,33632622592,2025-07-05 15:04:42
71458,94629,75831,MAS,Masco Corporation,66.38,14002329600,2025-07-05 15:04:44
40302,36583,78746,MA,Mastercard Incorporated,569.24,516916576256,2025-07-05 15:04:45
99308,16160,33817,MTCH,"Match Group, Inc.",32.54,7979621376,2025-07-05 15:04:46
31227,57178,61028,MKC,"McCormick & Company, Incorporat",75.15,20174469120,2025-07-05 15:04:47
35313,12652,14637,MCD,McDonald's Corporation,294.08,210276909056,2025-07-05 15:04:49
43662,84124,70676,MCK,McKesson Corporation,719.3,89843441664,2025-07-05 15:04:50
62425,49581,70676,MDT,Medtronic plc.,88.39,113250574336,2025-07-05 15:04:51
78793,25612,70676,MRK,"Merck & Company, Inc.",80.93,203217666048,2025-07-05 15:04:52
14756,16160,33817,META,"Meta Platforms, Inc.",719.01,1807828516864,2025-07-05 15:04:53
92448,19193,78746,MET,"MetLife, Inc.",80.65,54140182528,2025-07-05 15:04:55
95661,89491,70676,MTD,"Mettler-Toledo International, I",1209.08,25128067072,2025-07-05 15:04:56
59420,16203,14637,MGM,MGM Resorts International,37.59,10230080512,2025-07-05 15:04:57
30249,80347,32325,MCHP,Microchip Technology Incorporat,73.06,39408488448,2025-07-05 15:04:58
13041,80347,32325,MU,"Micron Technology, Inc.",122.29,136858402816,2025-07-05 15:05:00
58447,58521,32325,MSFT,Microsoft Corporation,498.84,3707648344064,2025-07-05 15:05:01
68912,54859,53396,MAA,Mid-America Apartment Communiti,150.47,18074155008,2025-07-05 15:05:02
88856,30592,70676,MRNA,"Moderna, Inc.",30.49,11791764480,2025-07-05 15:05:03
54835,10017,14637,MHK,"Mohawk Industries, Inc.",110.84,6930237440,2025-07-05 15:05:05
32906,37296,70676,MOH,Molina Healthcare Inc,239.58,12985236480,2025-07-05 15:05:06
32158,86948,61028,TAP,Molson Coors Beverage Company,49.44,10002008064,2025-07-05 15:05:07
17402,13904,61028,MDLZ,"Mondelez International, Inc.",68.99,89329623040,2025-07-05 15:05:08
83554,80347,32325,MPWR,"Monolithic Power Systems, Inc.",758.64,36323684352,2025-07-05 15:05:09
72887,86078,61028,MNST,Monster Beverage Corporation,63.08,61518520320,2025-07-05 15:05:11
52613,85532,78746,MCO,Moody's Corporation,505.06,90879483904,2025-07-05 15:05:12
99881,32631,78746,MS,Morgan Stanley,144.14,231246675968,2025-07-05 15:05:13
30317,58689,48302,MOS,Mosaic Company (The),37.27,11823200256,2025-07-05 15:05:14
19697,69365,32325,MSI,"Motorola Solutions, Inc.",424.84,70912589824,2025-07-05 15:05:16
25335,85532,78746,MSCI,MSCI Inc.,587.74,45474328576,2025-07-05 15:05:17
28925,85532,78746,NDAQ,"Nasdaq, Inc.",90.07,51711168512,2025-07-05 15:05:18
68951,49593,32325,NTAP,"NetApp, Inc.",107.26,21491257344,2025-07-05 15:05:19
73783,61295,33817,NFLX,"Netflix, Inc.",1297.18,552042233856,2025-07-05 15:05:21
59156,79999,48302,NEM,Newmont Corporation,59.9,66668699648,2025-07-05 15:05:22
27284,61295,33817,NWSA,News Corporation,29.74,17690957824,2025-07-05 15:05:23
56790,61295,33817,NWS,News Corporation,34.39,17690972160,2025-07-05 15:05:24
14017,98588,21722,NEE,"NextEra Energy, Inc.",73.88,152091574272,2025-07-05 15:05:25
69831,94952,14637,NKE,"Nike, Inc.",76.39,112750878720,2025-07-05 15:05:27
67345,19750,21722,NI,NiSource Inc,39.56,18621011968,2025-07-05 15:05:28
99961,70273,75831,NDSN,Nordson Corporation,222.78,12589052928,2025-07-05 15:05:29
91013,93008,75831,NSC,Norfolk Southern Corporation,262.5,59179048960,2025-07-05 15:05:31
41693,24671,78746,NTRS,Northern Trust Corporation,131.7,25620787200,2025-07-05 15:05:32
80560,74626,75831,NOC,Northrop Grumman Corporation,504.2,72568496128,2025-07-05 15:05:33
32177,59546,14637,NCLH,Norwegian Cruise Line Holdings ,21.98,9820817408,2025-07-05 15:05:34
13805,32681,21722,NRG,"NRG Energy, Inc.",158.39,30966829056,2025-07-05 15:05:36
66875,10447,48302,NUE,Nucor Corporation,137.87,31813640192,2025-07-05 15:05:37
35037,80347,32325,NVDA,NVIDIA Corporation,159.34,3885920157696,2025-07-05 15:05:38
17247,31136,14637,NVR,"NVR, Inc.",7623.24,22289057792,2025-07-05 15:05:39
54576,80347,32325,NXPI,NXP Semiconductors N.V.,232.1,58635190272,2025-07-05 15:05:41
57299,98872,14637,ORLY,"O'Reilly Automotive, Inc.",91.33,78072717312,2025-07-05 15:05:42
83055,91937,11172,OXY,Occidental Petroleum Corporatio,43.8,43105026048,2025-07-05 15:05:43
85122,84493,75831,ODFL,"Old Dominion Freight Line, Inc.",171.03,36142911488,2025-07-05 15:05:44
98694,16304,33817,OMC,Omnicom Group Inc.,74.71,14630758400,2025-07-05 15:05:46
83498,80347,32325,ON,ON Semiconductor Corporation,56.6,23652290560,2025-07-05 15:05:47
33545,96823,11172,OKE,"ONEOK, Inc.",82.14,51307270144,2025-07-05 15:05:48
17268,58521,32325,ORCL,Oracle Corporation,237.32,666591559680,2025-07-05 15:05:49
21584,70273,75831,OTIS,Otis Worldwide Corporation,99.51,39274307584,2025-07-05 15:05:51
75202,21219,75831,PCAR,PACCAR Inc.,97.66,51267497984,2025-07-05 15:05:52
91338,98105,14637,PKG,Packaging Corporation of Americ,202.29,18202052608,2025-07-05 15:05:53
20795,58521,32325,PLTR,Palantir Technologies Inc.,134.36,317077487616,2025-07-05 15:05:54
47895,58521,32325,PANW,"Palo Alto Networks, Inc.",201.82,134573580288,2025-07-05 15:05:56
42635,61295,33817,PARA,Paramount Global,12.9,9101220864,2025-07-05 15:05:57
99619,70273,75831,PH,Parker-Hannifin Corporation,719.15,91891548160,2025-07-05 15:05:58
89163,52394,32325,PAYX,"Paychex, Inc.",147.13,53040365568,2025-07-05 15:05:59
37740,52394,32325,PAYC,"Paycom Software, Inc.",233.07,13055998976,2025-07-05 15:06:00
56053,36583,78746,PYPL,"PayPal Holdings, Inc.",76.59,74486300672,2025-07-05 15:06:02
83889,70273,75831,PNR,Pentair plc.,106.87,17583001600,2025-07-05 15:06:03
29895,86078,61028,PEP,"Pepsico, Inc.",135.38,185616809984,2025-07-05 15:06:04
80503,25612,70676,PFE,"Pfizer, Inc.",25.38,144294674432,2025-07-05 15:06:06
91315,98588,21722,PCG,Pacific Gas & Electric Co.,13.91,30569730048,2025-07-05 15:06:07
87375,43694,61028,PM,Philip Morris International Inc,178.88,278430285824,2025-07-05 15:06:08
59423,95815,11172,PSX,Phillips 66,127.29,51862654976,2025-07-05 15:06:09
57635,98588,21722,PNW,Pinnacle West Capital Corporati,90.42,10796057600,2025-07-05 15:06:10
36140,28353,78746,PNC,"PNC Financial Services Group, I",196.57,77756612608,2025-07-05 15:06:12
11370,26582,75831,POOL,Pool Corporation,302.02,11354502144,2025-07-05 15:06:13
75172,66253,48302,PPG,"PPG Industries, Inc.",118.28,26846603264,2025-07-05 15:06:14
21485,98588,21722,PPL,PPL Corporation,33.81,24994516992,2025-07-05 15:06:16
94217,24671,78746,PFG,Principal Financial Group Inc,81.0,18159472640,2025-07-05 15:06:17
69331,31715,61028,PG,Procter & Gamble Company (The),160.83,377072353280,2025-07-05 15:06:18
70664,41990,78746,PGR,Progressive Corporation (The),261.66,153391366144,2025-07-05 15:06:19
82607,66208,53396,PLD,"Prologis, Inc.",108.02,100234567680,2025-07-05 15:06:21
40627,19193,78746,PRU,"Prudential Financial, Inc.",109.08,38615085056,2025-07-05 15:06:22
77492,98588,21722,PEG,Public Service Enterprise Group,81.17,40503668736,2025-07-05 15:06:23
86424,52394,32325,PTC,PTC Inc.,175.98,21108449280,2025-07-05 15:06:24
58706,66208,53396,PSA,Public Storage,296.32,51983716352,2025-07-05 15:06:25
16965,31136,14637,PHM,"PulteGroup, Inc.",109.36,21918697472,2025-07-05 15:06:27
46444,42734,75831,PWR,"Quanta Services, Inc.",386.51,57280401408,2025-07-05 15:06:28
77324,80347,32325,QCOM,QUALCOMM Incorporated,162.21,178106580992,2025-07-05 15:06:29
96236,89491,70676,DGX,Quest Diagnostics Incorporated,176.92,19750463488,2025-07-05 15:06:30
62587,20961,14637,RL,Ralph Lauren Corporation,279.81,16948930560,2025-07-05 15:06:32
46301,24671,78746,RJF,"Raymond James Financial, Inc.",160.0,32280801280,2025-07-05 15:06:33
19621,74626,75831,RTX,RTX Corporation,145.75,194714697728,2025-07-05 15:06:34
34695,79355,53396,O,Realty Income Corporation,57.68,52089655296,2025-07-05 15:06:35
53825,79355,53396,REG,Regency Centers Corporation,70.79,12927883264,2025-07-05 15:06:37
82299,30592,70676,REGN,"Regeneron Pharmaceuticals, Inc.",547.36,59095719936,2025-07-05 15:06:38
76929,28353,78746,RF,Regions Financial Corporation,24.8,22293463040,2025-07-05 15:06:39
84775,29955,75831,RSG,"Republic Services, Inc.",241.14,75355521024,2025-07-05 15:06:40
12740,31140,70676,RMD,ResMed Inc.,256.96,37677273088,2025-07-05 15:06:41
87742,89491,70676,RVTY,"Revvity, Inc.",101.31,11941409792,2025-07-05 15:06:43
95000,70273,75831,ROK,"Rockwell Automation, Inc.",347.07,39120343040,2025-07-05 15:06:44
36037,17888,14637,ROL,"Rollins, Inc.",56.44,27353419776,2025-07-05 15:06:45
67677,52394,32325,ROP,"Roper Technologies, Inc.",573.0,61606096896,2025-07-05 15:06:46
32262,45870,14637,ROST,"Ross Stores, Inc.",131.55,43026190336,2025-07-05 15:06:48
82763,59546,14637,RCL,Royal Caribbean Cruises Ltd.,334.48,90831388672,2025-07-05 15:06:49
35394,85532,78746,SPGI,S&P Global Inc.,529.61,162422390784,2025-07-05 15:06:50
71536,52394,32325,CRM,"Salesforce, Inc.",272.15,260175396864,2025-07-05 15:06:51
65028,62846,53396,SBAC,SBA Communications Corporation,233.93,25134608384,2025-07-05 15:06:53
30609,69887,11172,SLB,Schlumberger N.V.,35.65,48161726464,2025-07-05 15:06:54
85633,49593,32325,STX,Seagate Technology Holdings PLC,149.44,31713708032,2025-07-05 15:06:55
84949,61652,21722,SRE,DBA Sempra,75.12,48991010816,2025-07-05 15:06:56
11912,52394,32325,NOW,"ServiceNow, Inc.",1044.69,216409604096,2025-07-05 15:06:58
44991,66253,48302,SHW,Sherwin-Williams Company (The),354.0,88712749056,2025-07-05 15:06:59
98446,79355,53396,SPG,"Simon Property Group, Inc.",166.74,62884159488,2025-07-05 15:07:00
22821,80347,32325,SWKS,"Skyworks Solutions, Inc.",78.76,11824159744,2025-07-05 15:07:01
83578,57178,61028,SJM,The J.M. Smucker Company,104.08,11103671296,2025-07-05 15:07:02
21911,98105,14637,SW,Smurfit WestRock plc,48.03,25072283648,2025-07-05 15:07:04
37200,63596,75831,SNA,Snap-On Incorporated,321.63,16818354176,2025-07-05 15:07:08
60250,31140,70676,SOLV,Solventum Corporation,78.5,13581519872,2025-07-05 15:07:09
91776,98588,21722,SO,Southern Company (The),91.51,100678385664,2025-07-05 15:07:10
41827,77509,75831,LUV,Southwest Airlines Company,34.08,19421034496,2025-07-05 15:07:11
68409,63596,75831,SWK,"Stanley Black & Decker, Inc.",71.1,11000093696,2025-07-05 15:07:12
45259,12652,14637,SBUX,Starbucks Corporation,94.44,107321622528,2025-07-05 15:07:14
16619,24671,78746,STT,State Street Corporation,110.31,31458426880,2025-07-05 15:07:15
55610,10447,48302,STLD,"Steel Dynamics, Inc.",133.24,19780012032,2025-07-05 15:07:16
17078,49581,70676,STE,STERIS plc (Ireland),237.55,23368032256,2025-07-05 15:07:18
20570,49581,70676,SYK,Stryker Corporation,395.28,151062183936,2025-07-05 15:07:19
75395,49593,32325,SMCI,"Super Micro Computer, Inc.",48.56,28981481472,2025-07-05 15:07:20
75231,36583,78746,SYF,Synchrony Financial,70.16,26706896896,2025-07-05 15:07:21
93988,58521,32325,SNPS,"Synopsys, Inc.",548.74,85143044096,2025-07-05 15:07:23
85147,37854,61028,SYY,Sysco Corporation,77.18,37413158912,2025-07-05 15:07:24
57822,58828,33817,TMUS,"T-Mobile US, Inc.",240.75,273359585280,2025-07-05 15:07:25
21455,24671,78746,TROW,"T. Rowe Price Group, Inc.",100.15,22064648192,2025-07-05 15:07:26
70949,73268,33817,TTWO,"Take-Two Interactive Software, ",240.11,43912998912,2025-07-05 15:07:27
34819,72484,14637,TPR,"Tapestry, Inc.",90.2,18733637632,2025-07-05 15:07:29
94567,96823,11172,TRGP,"Targa Resources, Inc.",173.52,37642043392,2025-07-05 15:07:30
68027,40411,61028,TGT,Target Corporation,104.06,47281328128,2025-07-05 15:07:31
67784,77970,32325,TEL,TE Connectivity plc,174.29,51685175296,2025-07-05 15:07:33
19335,36559,32325,TDY,Teledyne Technologies Incorpora,517.96,24271243264,2025-07-05 15:07:34
81777,44305,32325,TER,"Teradyne, Inc.",93.06,14928685056,2025-07-05 15:07:35
75239,36293,14637,TSLA,"Tesla, Inc.",315.35,1015729750016,2025-07-05 15:07:36
27971,80347,32325,TXN,Texas Instruments Incorporated,216.02,196248125440,2025-07-05 15:07:37
13282,91937,11172,TPL,Texas Pacific Land Corporation,1075.97,24733644800,2025-07-05 15:07:39
52500,74626,75831,TXT,Textron Inc.,82.23,14845723648,2025-07-05 15:07:40
93304,89491,70676,TMO,Thermo Fisher Scientific Inc,429.33,162069495808,2025-07-05 15:07:41
67318,45870,14637,TJX,"TJX Companies, Inc. (The)",125.86,140411928576,2025-07-05 15:07:42
78768,61295,33817,TKO,"TKO Group Holdings, Inc.",177.14,14480752640,2025-07-05 15:07:44
50300,58964,14637,TSCO,Tractor Supply Company,54.63,28964990976,2025-07-05 15:07:45
85252,94629,75831,TT,Trane Technologies plc,437.39,97545846784,2025-07-05 15:07:46
29087,74626,75831,TDG,Transdigm Group Incorporated,1522.98,85541371904,2025-07-05 15:07:47
44039,41990,78746,TRV,"The Travelers Companies, Inc.",264.13,59843670016,2025-07-05 15:07:49
84430,36559,32325,TRMB,Trimble Inc.,78.875,18818549760,2025-07-05 15:07:50
58652,28353,78746,TFC,Truist Financial Corporation,45.54,59636453376,2025-07-05 15:07:51
20093,52394,32325,TYL,"Tyler Technologies, Inc.",590.04,25444589568,2025-07-05 15:07:52
17114,77870,61028,TSN,"Tyson Foods, Inc.",57.36,20433582080,2025-07-05 15:07:53
63403,28353,78746,USB,U.S. Bancorp,47.93,74676379648,2025-07-05 15:07:55
71399,52394,32325,UBER,"Uber Technologies, Inc.",93.63,195796238336,2025-07-05 15:07:56
56449,54859,53396,UDR,"UDR, Inc.",40.8,15381436416,2025-07-05 15:07:57
14522,58964,14637,ULTA,"Ulta Beauty, Inc.",477.79,21474557952,2025-07-05 15:07:58
22944,93008,75831,UNP,Union Pacific Corporation,236.28,141171621888,2025-07-05 15:08:00
89440,77509,75831,UAL,"United Airlines Holdings, Inc.",82.36,26898857984,2025-07-05 15:08:01
84007,77047,75831,UPS,"United Parcel Service, Inc.",104.13,88177074176,2025-07-05 15:08:02
42726,49793,75831,URI,"United Rentals, Inc.",792.5,51511705600,2025-07-05 15:08:03
35604,37296,70676,UNH,UnitedHealth Group Incorporated,308.55,279898030080,2025-07-05 15:08:04
22316,22053,70676,UHS,"Universal Health Services, Inc.",184.53,11891186688,2025-07-05 15:08:06
17218,95815,11172,VLO,Valero Energy Corporation,144.58,45283328000,2025-07-05 15:08:07
38273,45966,53396,VTR,"Ventas, Inc.",62.93,28405092352,2025-07-05 15:08:08
48211,34973,75831,VLTO,Veralto Corp,103.75,25715578880,2025-07-05 15:08:09
94660,58521,32325,VRSN,"VeriSign, Inc.",286.32,26885447680,2025-07-05 15:08:11
12057,33894,75831,VRSK,"Verisk Analytics, Inc.",304.06,42533130240,2025-07-05 15:08:12
67212,58828,33817,VZ,Verizon Communications Inc.,43.55,183617683456,2025-07-05 15:08:13
88964,30592,70676,VRTX,Vertex Pharmaceuticals Incorpor,459.62,118029033472,2025-07-05 15:08:14
41304,84822,70676,VTRS,Viatris Inc.,9.32,10938697728,2025-07-05 15:08:16
59951,50185,53396,VICI,VICI Properties Inc.,33.43,35325816832,2025-07-05 15:08:17
65783,36583,78746,V,Visa Inc.,358.86,701033021440,2025-07-05 15:08:18
66039,32681,21722,VST,Vistra Corp.,192.2,65219608576,2025-07-05 15:08:19
53182,15435,48302,VMC,Vulcan Materials Company (Holdi,266.24,35171368960,2025-07-05 15:08:20
95562,41990,78746,WRB,W.R. Berkley Corporation,71.49,27120158720,2025-07-05 15:08:22
16322,26582,75831,GWW,"W.W. Grainger, Inc.",1050.49,50464698368,2025-07-05 15:08:23
59118,93008,75831,WAB,Westinghouse Air Brake Technolo,214.37,36684279808,2025-07-05 15:08:24
60860,69845,70676,WBA,"Walgreens Boots Alliance, Inc.",11.47,9927985152,2025-07-05 15:08:26
41823,40411,61028,WMT,Walmart Inc.,98.36,784954097664,2025-07-05 15:08:27
19410,61295,33817,DIS,Walt Disney Company (The),124.0,222920998912,2025-07-05 15:08:28
45015,61295,33817,WBD,"Warner Bros. Discovery, Inc. - ",11.22,27759067136,2025-07-05 15:08:29
86305,29955,75831,WM,"Waste Management, Inc.",227.1,91386855424,2025-07-05 15:08:30
50793,89491,70676,WAT,Waters Corporation,350.22,20841277440,2025-07-05 15:08:32
46819,98588,21722,WEC,"WEC Energy Group, Inc.",104.34,33298442240,2025-07-05 15:08:33
38611,39541,78746,WFC,Wells Fargo & Company,83.6,272049455104,2025-07-05 15:08:34
25609,45966,53396,WELL,Welltower Inc.,152.77,99904249856,2025-07-05 15:08:35
68034,31140,70676,WST,"West Pharmaceutical Services, I",222.26,15968358400,2025-07-05 15:08:37
48813,49593,32325,WDC,Western Digital Corporation,66.08,23053860864,2025-07-05 15:08:38
34155,62846,53396,WY,Weyerhaeuser Company,26.43,19168966656,2025-07-05 15:08:39
79599,58964,14637,WSM,"Williams-Sonoma, Inc.",173.19,21302024192,2025-07-05 15:08:40
19873,96823,11172,WMB,"Williams Companies, Inc. (The)",58.64,71600029696,2025-07-05 15:08:42
42176,91752,78746,WTW,Willis Towers Watson Public Lim,306.64,30403295232,2025-07-05 15:08:43
17258,52394,32325,WDAY,"Workday, Inc.",241.76,64452247552,2025-07-05 15:08:44
93236,16203,14637,WYNN,"Wynn Resorts, Limited",105.63,11044038656,2025-07-05 15:08:45
69296,98588,21722,XEL,Xcel Energy Inc.,68.19,39329337344,2025-07-05 15:08:46
61997,70273,75831,XYL,Xylem Inc.,132.28,32190470144,2025-07-05 15:08:48
38177,12652,14637,YUM,"Yum! Brands, Inc.",150.0,41694748672,2025-07-05 15:08:49
43128,69365,32325,ZBRA,Zebra Technologies Corporation,323.72,16462554112,2025-07-05 15:08:50
82559,49581,70676,ZBH,"Zimmer Biomet Holdings, Inc.",93.67,18532421632,2025-07-05 15:08:51
49930,84822,70676,ZTS,Zoetis Inc.,159.18,70868205568,2025-07-05 15:08:53
